parameter,value
mu,1320.4931401722486
sigma,2.9396437910301962
fwhm,6.7763089720031076
res_%,0.5131650264475579
height,122.10782454674818
xmin,1311.805
xmax,1329.257
