parameter,value
mu,1319.0506429347809
sigma,2.6202638312420414
fwhm,6.117442819078633
res_%,0.46377619023541194
height,90.83318575983779
xmin,1311.063
xmax,1327.029
