parameter,value
mu,1328.4565903390537
sigma,3.640034133587721
fwhm,8.572280384599082
res,0.6452811817066023
area,1173.7144999999996
height,100.599794949756
xmin,1252.023
xmax,1411.69
