parameter,value
mu,1329.8435976358803
sigma,3.542560306813645
fwhm,8.342729522546135
res,0.6273466697420178
area,1169.6455000000014
height,103.22043995102014
xmin,1252.023
xmax,1411.69
