parameter,value
mu,1327.6312024571698
sigma,3.741091436499698
fwhm,8.810270332956788
res,0.6636082608371064
area,1223.1104999999973
height,102.83870193581542
xmin,1252.023
xmax,1411.69
