parameter,value
mu,1310.5198709378544
sigma,2.8170477644854883
fwhm,6.074392177859636
res_%,0.4635101162954962
height,129.07438539328209
xmin,1302.151
xmax,1318.86
