parameter,value
mu,1327.6317054431706
sigma,3.5513876011501484
fwhm,8.033444863809564
res_%,0.6050958884812078
height,100.37988194995091
xmin,1317.004
xmax,1338.169
