parameter,value
mu,1349.6025321110321
sigma,10.351708768280744
fwhm,5.903593395832786
res_%,0.4374320035246567
height,32.14574183784806
xmin,1318.86
xmax,1380.499
