parameter,value
mu,1322.2099393614033
sigma,2.7879782117822884
fwhm,6.119596102927744
res_%,0.4628308955144723
height,125.8032448199958
xmin,1314.033
xmax,1330.371
