parameter,value
mu,1302.7994342536908
sigma,2.714099498131112
fwhm,5.4045612682289175
res_%,0.41484215652311224
height,125.3782937487791
xmin,1294.725
xmax,1310.691
