parameter,value
mu,1306.3087245429197
sigma,2.808339690926465
fwhm,5.545925783712391
res_%,0.4245493947575772
height,89.74377388421331
xmin,1298.067
xmax,1314.405
