parameter,value
mu,1321.5749522014457
sigma,2.7404004273821583
fwhm,5.61628120332216
res_%,0.42496879908072577
height,125.36139398885943
xmin,1313.662
xmax,1329.629
