parameter,value
mu,1343.4152354107307
sigma,39.434024380040796
fwhm,4.759148316499477
res_%,0.35425743218137856
height,-20.709045869212275
xmin,1225.288
xmax,1461.446
