parameter,value
mu,1320.000101906584
sigma,2.7883429072741834
fwhm,6.548031317724963
res_%,0.49606294031849746
height,122.33219036310449
xmin,1311.805
xmax,1328.143
