parameter,value
mu,1331.626638726038
sigma,3.7444079048879297
fwhm,8.818080616011075
res,0.662203680789031
area,1124.1485
height,95.61017846470708
xmin,1252.023
xmax,1411.69
