parameter,value
mu,1319.6885043063494
sigma,2.989281784308681
fwhm,6.926440796739371
res_%,0.5248542193204923
height,108.25922439804647
xmin,1311.063
xmax,1328.515
