parameter,value
mu,1328.369965305076
sigma,3.503473394792981
fwhm,7.500178153745537
res_%,0.5646151561416124
height,98.88842806417448
xmin,1318.118
xmax,1338.54
