parameter,value
mu,1324.6181921942116
sigma,2.9956589070498136
fwhm,6.367883857445804
res_%,0.48073353476276004
height,116.0846303132748
xmin,1315.89
xmax,1333.342
