parameter,value
mu,1320.4237965107407
sigma,2.704555919788938
fwhm,5.5649615294200885
res_%,0.4214526839129729
height,127.98128276944603
xmin,1312.548
xmax,1328.515
