parameter,value
mu,1323.069898930517
sigma,2.665711965743547
fwhm,4.724452853764205
res_%,0.35708263468038565
height,122.65053335402008
xmin,1315.147
xmax,1330.743
