parameter,value
mu,1327.902171845294
sigma,2.9258044211856395
fwhm,6.794559464001395
res_%,0.5116762068819771
height,123.40924398389802
xmin,1319.232
xmax,1336.312
