parameter,value
mu,1350.5862704413485
sigma,11.47776852988211
fwhm,27.03014488787237
res,2.001363813585887
area,1221.4900000000034
height,34.034355885727514
xmin,1252.023
xmax,1411.69
