parameter,value
mu,1319.9297998398758
sigma,2.770448955063473
fwhm,5.988215308813778
res_%,0.45367680232238294
height,125.13038675250286
xmin,1311.805
xmax,1328.143
