parameter,value
mu,1331.6092339316092
sigma,3.489034827653908
fwhm,7.249425957463018
res_%,0.5444109107038038
height,92.53466161624728
xmin,1321.46
xmax,1341.882
