parameter,value
mu,1329.8266151347857
sigma,3.3366530700637376
fwhm,7.024871220404748
res_%,0.5282546717334827
height,100.33004299031276
xmin,1319.974
xmax,1339.654
